{
  "nx": 64,
  "ny": 64,
  "u_centerline_l2_rel": 0.07712446302404445,
  "u_centerline_linf_rel": 0.07515597243378429,
  "v_centerline_l2_rel": 0.06538998495823904,
  "v_centerline_linf_rel": 0.0690189983157672,
  "u_center_bc": -0.008616970324214763,
  "u_center_ibm": -0.009158131892023086,
  "v_center_bc": 0.00347445349800087,
  "v_center_ibm": 0.0036689170152875506,
  "bc_plot": "out_bc_5000/plt05000",
  "ibm_plot": "out_ibm_ivc20_5000/plt05000"
}